index,id_str,sequence,annotation,adapter,end_adapter,end_sequence
1,IonXpress_001,GTCCTTAGTAC,,,,
2,IonXpress_002,GATAAGTAAGAAC,,,,
3,IonXpress_003,GATAAGAAGATC,,,,
4,IonXpress_004,GGATACAGATC,,,,
5,IonXpress_005,TCAGAAGAAC,,,,
6,IonXpress_006,CTGACTATCAC,,,,
7,IonXpress_007,TCGTTCAAG,,,,
8,IonXpress_008,ACTCTGTAAC,,,,
9,IonXpress_009,GATAAGAAGTAAC,,,,
10,IonXpress_010,AACTGACGAC,,,,
11,IonXpress_011,GTCTCGGATC,,,,
12,IonXpress_012,ACTTGTAGTC,,,,
13,IonXpress_013,ACTCTAACGAC,,,,
14,IonXpress_014,ACGTGAGTGTTC,,,,
15,IonXpress_015,GTTCACTGAAG,,,,
16,IonXpress_016,CTCTTGACTTC,,,,
17,IonXpress_017,GTCTATCGAC,,,,
18,IonXpress_018,GTAAGATAGAC,,,,
19,IonXpress_019,TTAGTCGTAC,,,,
20,IonXpress_020,GACAGATCAC,,,,
21,IonXpress_021,GATCGTTCATC,,,,
22,IonXpress_022,GATCGTGAGTC,,,,
23,IonXpress_023,GACATCGTAC,,,,
24,IonXpress_024,TCAATAGTCATC,,,,
25,IonXpress_025,TCTGAAGATC,,,,
26,IonXpress_026,GGATAGAAGTC,,,,
27,IonXpress_027,TACATCAC,,,,
28,IonXpress_028,GATCAGTAC,,,,
29,IonXpress_029,GATGTGACTTC,,,,
30,IonXpress_030,ACTGAGTATC,,,,
31,IonXpress_031,GATCAACTCAC,,,,
32,IonXpress_032,GTAAGTAACATC,,,,
33,IonXpress_033,ACTCTAGATGAAC,,,,
34,IonXpress_034,TATGATTCATC,,,,
35,IonXpress_035,TAAGACAATGTC,,,,
36,IonXpress_036,TAAGATCGTTC,,,,
37,IonXpress_037,GATCAAGATGAAC,,,,
38,IonXpress_038,AAGTGTTGTTGAAC,,,,
39,IonXpress_039,TACATCGGC,,,,
40,IonXpress_040,GATGAACTATC,,,,
41,IonXpress_041,GATCACTGTTC,,,,
42,IonXpress_042,TACATCGAATTC,,,,
43,IonXpress_043,CTGACACGAC,,,,
44,IonXpress_044,GATGTCAGATC,,,,
45,IonXpress_045,TTGAGCTAACTTC,,,,
46,IonXpress_046,TCAAGAGTAAC,,,,
47,IonXpress_047,TAAGCTAAGAAC,,,,
48,IonXpress_048,AGTACAGTAC,,,,
